url,alt,source_page
https://pratimachandrafoundation.org/New/wp-content/uploads/2023/07/ARS-2017-1st-Arjun-Roy-1-300x200.jpg,,https://pratimachandrafoundation.org/event/%e0%a6%b0%e0%a6%ac%e0%a7%80%e0%a6%a8%e0%a7%8d%e0%a6%a6%e0%a7%8d%e0%a6%b0-%e0%a6%97%e0%a6%be%e0%a6%a8%e0%a7%87-%e0%a6%aa%e0%a7%8d%e0%a6%b0%e0%a6%a4%e0%a6%bf%e0%a6%ae%e0%a6%be-%e0%a6%9a%e0%a6%a8-2/
https://pratimachandrafoundation.org/New/wp-content/uploads/2023/07/ARS-2017-1st-Arjun-Roy-2-300x259.jpg,,https://pratimachandrafoundation.org/event/%e0%a6%b0%e0%a6%ac%e0%a7%80%e0%a6%a8%e0%a7%8d%e0%a6%a6%e0%a7%8d%e0%a6%b0-%e0%a6%97%e0%a6%be%e0%a6%a8%e0%a7%87-%e0%a6%aa%e0%a7%8d%e0%a6%b0%e0%a6%a4%e0%a6%bf%e0%a6%ae%e0%a6%be-%e0%a6%9a%e0%a6%a8-2/
https://pratimachandrafoundation.org/New/wp-content/uploads/2023/07/ARS-2017-1st-Arjun-Roy-4-259x300.jpg,,https://pratimachandrafoundation.org/event/%e0%a6%b0%e0%a6%ac%e0%a7%80%e0%a6%a8%e0%a7%8d%e0%a6%a6%e0%a7%8d%e0%a6%b0-%e0%a6%97%e0%a6%be%e0%a6%a8%e0%a7%87-%e0%a6%aa%e0%a7%8d%e0%a6%b0%e0%a6%a4%e0%a6%bf%e0%a6%ae%e0%a6%be-%e0%a6%9a%e0%a6%a8-2/
https://pratimachandrafoundation.org/New/wp-content/uploads/2023/07/ARS-2017-2nd-Anurag-Datta-1-300x200.jpg,,https://pratimachandrafoundation.org/event/%e0%a6%b0%e0%a6%ac%e0%a7%80%e0%a6%a8%e0%a7%8d%e0%a6%a6%e0%a7%8d%e0%a6%b0-%e0%a6%97%e0%a6%be%e0%a6%a8%e0%a7%87-%e0%a6%aa%e0%a7%8d%e0%a6%b0%e0%a6%a4%e0%a6%bf%e0%a6%ae%e0%a6%be-%e0%a6%9a%e0%a6%a8-2/
https://pratimachandrafoundation.org/New/wp-content/uploads/2023/07/ARS-2017-2nd-Anurag-Datta-2-300x200.jpg,,https://pratimachandrafoundation.org/event/%e0%a6%b0%e0%a6%ac%e0%a7%80%e0%a6%a8%e0%a7%8d%e0%a6%a6%e0%a7%8d%e0%a6%b0-%e0%a6%97%e0%a6%be%e0%a6%a8%e0%a7%87-%e0%a6%aa%e0%a7%8d%e0%a6%b0%e0%a6%a4%e0%a6%bf%e0%a6%ae%e0%a6%be-%e0%a6%9a%e0%a6%a8-2/
https://pratimachandrafoundation.org/New/wp-content/uploads/2023/07/ARS-2017-2nd-Anurag-Datta-4-224x300.jpg,,https://pratimachandrafoundation.org/event/%e0%a6%b0%e0%a6%ac%e0%a7%80%e0%a6%a8%e0%a7%8d%e0%a6%a6%e0%a7%8d%e0%a6%b0-%e0%a6%97%e0%a6%be%e0%a6%a8%e0%a7%87-%e0%a6%aa%e0%a7%8d%e0%a6%b0%e0%a6%a4%e0%a6%bf%e0%a6%ae%e0%a6%be-%e0%a6%9a%e0%a6%a8-2/
https://pratimachandrafoundation.org/New/wp-content/uploads/2023/07/ARS-2017-3rd-Iman-Haldar-1-300x195.jpg,,https://pratimachandrafoundation.org/event/%e0%a6%b0%e0%a6%ac%e0%a7%80%e0%a6%a8%e0%a7%8d%e0%a6%a6%e0%a7%8d%e0%a6%b0-%e0%a6%97%e0%a6%be%e0%a6%a8%e0%a7%87-%e0%a6%aa%e0%a7%8d%e0%a6%b0%e0%a6%a4%e0%a6%bf%e0%a6%ae%e0%a6%be-%e0%a6%9a%e0%a6%a8-2/
https://pratimachandrafoundation.org/New/wp-content/uploads/2023/07/ARS-2017-3rd-Iman-Haldar-2-300x251.jpg,,https://pratimachandrafoundation.org/event/%e0%a6%b0%e0%a6%ac%e0%a7%80%e0%a6%a8%e0%a7%8d%e0%a6%a6%e0%a7%8d%e0%a6%b0-%e0%a6%97%e0%a6%be%e0%a6%a8%e0%a7%87-%e0%a6%aa%e0%a7%8d%e0%a6%b0%e0%a6%a4%e0%a6%bf%e0%a6%ae%e0%a6%be-%e0%a6%9a%e0%a6%a8-2/
https://pratimachandrafoundation.org/New/wp-content/uploads/2023/07/ARS-2017-3rd-Iman-Haldar-4-236x300.jpg,,https://pratimachandrafoundation.org/event/%e0%a6%b0%e0%a6%ac%e0%a7%80%e0%a6%a8%e0%a7%8d%e0%a6%a6%e0%a7%8d%e0%a6%b0-%e0%a6%97%e0%a6%be%e0%a6%a8%e0%a7%87-%e0%a6%aa%e0%a7%8d%e0%a6%b0%e0%a6%a4%e0%a6%bf%e0%a6%ae%e0%a6%be-%e0%a6%9a%e0%a6%a8-2/
https://pratimachandrafoundation.org/New/wp-content/uploads/2023/07/ARS-2017-Event-1-300x200.jpg,,https://pratimachandrafoundation.org/event/%e0%a6%b0%e0%a6%ac%e0%a7%80%e0%a6%a8%e0%a7%8d%e0%a6%a6%e0%a7%8d%e0%a6%b0-%e0%a6%97%e0%a6%be%e0%a6%a8%e0%a7%87-%e0%a6%aa%e0%a7%8d%e0%a6%b0%e0%a6%a4%e0%a6%bf%e0%a6%ae%e0%a6%be-%e0%a6%9a%e0%a6%a8-2/
https://pratimachandrafoundation.org/New/wp-content/uploads/2023/07/ARS-2017-Event-2-300x243.jpg,,https://pratimachandrafoundation.org/event/%e0%a6%b0%e0%a6%ac%e0%a7%80%e0%a6%a8%e0%a7%8d%e0%a6%a6%e0%a7%8d%e0%a6%b0-%e0%a6%97%e0%a6%be%e0%a6%a8%e0%a7%87-%e0%a6%aa%e0%a7%8d%e0%a6%b0%e0%a6%a4%e0%a6%bf%e0%a6%ae%e0%a6%be-%e0%a6%9a%e0%a6%a8-2/
https://pratimachandrafoundation.org/New/wp-content/uploads/2023/07/ARS-2017-Event-3-300x200.jpg,,https://pratimachandrafoundation.org/event/%e0%a6%b0%e0%a6%ac%e0%a7%80%e0%a6%a8%e0%a7%8d%e0%a6%a6%e0%a7%8d%e0%a6%b0-%e0%a6%97%e0%a6%be%e0%a6%a8%e0%a7%87-%e0%a6%aa%e0%a7%8d%e0%a6%b0%e0%a6%a4%e0%a6%bf%e0%a6%ae%e0%a6%be-%e0%a6%9a%e0%a6%a8-2/
https://pratimachandrafoundation.org/New/wp-content/uploads/2023/07/ARS-2017-Event-5-300x200.jpg,,https://pratimachandrafoundation.org/event/%e0%a6%b0%e0%a6%ac%e0%a7%80%e0%a6%a8%e0%a7%8d%e0%a6%a6%e0%a7%8d%e0%a6%b0-%e0%a6%97%e0%a6%be%e0%a6%a8%e0%a7%87-%e0%a6%aa%e0%a7%8d%e0%a6%b0%e0%a6%a4%e0%a6%bf%e0%a6%ae%e0%a6%be-%e0%a6%9a%e0%a6%a8-2/
https://pratimachandrafoundation.org/New/wp-content/uploads/2023/07/ARS-2017-Event-6-300x200.jpg,,https://pratimachandrafoundation.org/event/%e0%a6%b0%e0%a6%ac%e0%a7%80%e0%a6%a8%e0%a7%8d%e0%a6%a6%e0%a7%8d%e0%a6%b0-%e0%a6%97%e0%a6%be%e0%a6%a8%e0%a7%87-%e0%a6%aa%e0%a7%8d%e0%a6%b0%e0%a6%a4%e0%a6%bf%e0%a6%ae%e0%a6%be-%e0%a6%9a%e0%a6%a8-2/
https://pratimachandrafoundation.org/New/wp-content/uploads/2023/07/ARS-2017-Judges-1-300x200.jpg,,https://pratimachandrafoundation.org/event/%e0%a6%b0%e0%a6%ac%e0%a7%80%e0%a6%a8%e0%a7%8d%e0%a6%a6%e0%a7%8d%e0%a6%b0-%e0%a6%97%e0%a6%be%e0%a6%a8%e0%a7%87-%e0%a6%aa%e0%a7%8d%e0%a6%b0%e0%a6%a4%e0%a6%bf%e0%a6%ae%e0%a6%be-%e0%a6%9a%e0%a6%a8-2/
https://pratimachandrafoundation.org/New/wp-content/uploads/2023/07/ARS-2017-Judges-3-300x200.jpg,,https://pratimachandrafoundation.org/event/%e0%a6%b0%e0%a6%ac%e0%a7%80%e0%a6%a8%e0%a7%8d%e0%a6%a6%e0%a7%8d%e0%a6%b0-%e0%a6%97%e0%a6%be%e0%a6%a8%e0%a7%87-%e0%a6%aa%e0%a7%8d%e0%a6%b0%e0%a6%a4%e0%a6%bf%e0%a6%ae%e0%a6%be-%e0%a6%9a%e0%a6%a8-2/
https://pratimachandrafoundation.org/New/wp-content/uploads/2023/07/ARS-2017-Judges-4-300x200.jpg,,https://pratimachandrafoundation.org/event/%e0%a6%b0%e0%a6%ac%e0%a7%80%e0%a6%a8%e0%a7%8d%e0%a6%a6%e0%a7%8d%e0%a6%b0-%e0%a6%97%e0%a6%be%e0%a6%a8%e0%a7%87-%e0%a6%aa%e0%a7%8d%e0%a6%b0%e0%a6%a4%e0%a6%bf%e0%a6%ae%e0%a6%be-%e0%a6%9a%e0%a6%a8-2/
https://pratimachandrafoundation.org/New/wp-content/uploads/2023/07/ARS-2018-1st-Bhumika-Ganguly-1-300x200.jpg,,https://pratimachandrafoundation.org/event/%e0%a6%b0%e0%a6%ac%e0%a7%80%e0%a6%a8%e0%a7%8d%e0%a6%a6%e0%a7%8d%e0%a6%b0-%e0%a6%97%e0%a6%be%e0%a6%a8%e0%a7%87-%e0%a6%aa%e0%a7%8d%e0%a6%b0%e0%a6%a4%e0%a6%bf%e0%a6%ae%e0%a6%be-%e0%a6%9a%e0%a6%a8/
https://pratimachandrafoundation.org/New/wp-content/uploads/2023/07/ARS-2018-1st-Bhumika-Ganguly-3-1-300x200.jpg,,https://pratimachandrafoundation.org/event/%e0%a6%b0%e0%a6%ac%e0%a7%80%e0%a6%a8%e0%a7%8d%e0%a6%a6%e0%a7%8d%e0%a6%b0-%e0%a6%97%e0%a6%be%e0%a6%a8%e0%a7%87-%e0%a6%aa%e0%a7%8d%e0%a6%b0%e0%a6%a4%e0%a6%bf%e0%a6%ae%e0%a6%be-%e0%a6%9a%e0%a6%a8/
https://pratimachandrafoundation.org/New/wp-content/uploads/2023/07/ARS-2018-1st-Bhumika-Ganguly-4-300x200.jpg,,https://pratimachandrafoundation.org/event/%e0%a6%b0%e0%a6%ac%e0%a7%80%e0%a6%a8%e0%a7%8d%e0%a6%a6%e0%a7%8d%e0%a6%b0-%e0%a6%97%e0%a6%be%e0%a6%a8%e0%a7%87-%e0%a6%aa%e0%a7%8d%e0%a6%b0%e0%a6%a4%e0%a6%bf%e0%a6%ae%e0%a6%be-%e0%a6%9a%e0%a6%a8/
https://pratimachandrafoundation.org/New/wp-content/uploads/2023/07/ARS-2018-2nd-Koyali-Sarkar-1-300x200.jpg,,https://pratimachandrafoundation.org/event/%e0%a6%b0%e0%a6%ac%e0%a7%80%e0%a6%a8%e0%a7%8d%e0%a6%a6%e0%a7%8d%e0%a6%b0-%e0%a6%97%e0%a6%be%e0%a6%a8%e0%a7%87-%e0%a6%aa%e0%a7%8d%e0%a6%b0%e0%a6%a4%e0%a6%bf%e0%a6%ae%e0%a6%be-%e0%a6%9a%e0%a6%a8/
https://pratimachandrafoundation.org/New/wp-content/uploads/2023/07/ARS-2018-2nd-Koyali-Sarkar-3-1-300x200.jpg,,https://pratimachandrafoundation.org/event/%e0%a6%b0%e0%a6%ac%e0%a7%80%e0%a6%a8%e0%a7%8d%e0%a6%a6%e0%a7%8d%e0%a6%b0-%e0%a6%97%e0%a6%be%e0%a6%a8%e0%a7%87-%e0%a6%aa%e0%a7%8d%e0%a6%b0%e0%a6%a4%e0%a6%bf%e0%a6%ae%e0%a6%be-%e0%a6%9a%e0%a6%a8/
https://pratimachandrafoundation.org/New/wp-content/uploads/2023/07/ARS-2018-2nd-Koyali-Sarkar-4-300x200.jpg,,https://pratimachandrafoundation.org/event/%e0%a6%b0%e0%a6%ac%e0%a7%80%e0%a6%a8%e0%a7%8d%e0%a6%a6%e0%a7%8d%e0%a6%b0-%e0%a6%97%e0%a6%be%e0%a6%a8%e0%a7%87-%e0%a6%aa%e0%a7%8d%e0%a6%b0%e0%a6%a4%e0%a6%bf%e0%a6%ae%e0%a6%be-%e0%a6%9a%e0%a6%a8/
https://pratimachandrafoundation.org/New/wp-content/uploads/2023/07/ARS-2018-3rd-Supriyo-Koley-1-300x200.jpg,,https://pratimachandrafoundation.org/event/%e0%a6%b0%e0%a6%ac%e0%a7%80%e0%a6%a8%e0%a7%8d%e0%a6%a6%e0%a7%8d%e0%a6%b0-%e0%a6%97%e0%a6%be%e0%a6%a8%e0%a7%87-%e0%a6%aa%e0%a7%8d%e0%a6%b0%e0%a6%a4%e0%a6%bf%e0%a6%ae%e0%a6%be-%e0%a6%9a%e0%a6%a8/
https://pratimachandrafoundation.org/New/wp-content/uploads/2023/07/ARS-2018-3rd-Supriyo-Koley-3-1-300x200.jpg,,https://pratimachandrafoundation.org/event/%e0%a6%b0%e0%a6%ac%e0%a7%80%e0%a6%a8%e0%a7%8d%e0%a6%a6%e0%a7%8d%e0%a6%b0-%e0%a6%97%e0%a6%be%e0%a6%a8%e0%a7%87-%e0%a6%aa%e0%a7%8d%e0%a6%b0%e0%a6%a4%e0%a6%bf%e0%a6%ae%e0%a6%be-%e0%a6%9a%e0%a6%a8/
https://pratimachandrafoundation.org/New/wp-content/uploads/2023/07/ARS-2018-3rd-Supriyo-Koley-4-300x200.jpg,,https://pratimachandrafoundation.org/event/%e0%a6%b0%e0%a6%ac%e0%a7%80%e0%a6%a8%e0%a7%8d%e0%a6%a6%e0%a7%8d%e0%a6%b0-%e0%a6%97%e0%a6%be%e0%a6%a8%e0%a7%87-%e0%a6%aa%e0%a7%8d%e0%a6%b0%e0%a6%a4%e0%a6%bf%e0%a6%ae%e0%a6%be-%e0%a6%9a%e0%a6%a8/
https://pratimachandrafoundation.org/New/wp-content/uploads/2023/07/ARS-2018-Event-1-300x200.jpg,,https://pratimachandrafoundation.org/event/%e0%a6%b0%e0%a6%ac%e0%a7%80%e0%a6%a8%e0%a7%8d%e0%a6%a6%e0%a7%8d%e0%a6%b0-%e0%a6%97%e0%a6%be%e0%a6%a8%e0%a7%87-%e0%a6%aa%e0%a7%8d%e0%a6%b0%e0%a6%a4%e0%a6%bf%e0%a6%ae%e0%a6%be-%e0%a6%9a%e0%a6%a8/
https://pratimachandrafoundation.org/New/wp-content/uploads/2023/07/ARS-2018-Event-2-1-300x200.jpg,,https://pratimachandrafoundation.org/event/%e0%a6%b0%e0%a6%ac%e0%a7%80%e0%a6%a8%e0%a7%8d%e0%a6%a6%e0%a7%8d%e0%a6%b0-%e0%a6%97%e0%a6%be%e0%a6%a8%e0%a7%87-%e0%a6%aa%e0%a7%8d%e0%a6%b0%e0%a6%a4%e0%a6%bf%e0%a6%ae%e0%a6%be-%e0%a6%9a%e0%a6%a8/
https://pratimachandrafoundation.org/New/wp-content/uploads/2023/07/ARS-2018-Event-3-1-300x200.jpg,,https://pratimachandrafoundation.org/event/%e0%a6%b0%e0%a6%ac%e0%a7%80%e0%a6%a8%e0%a7%8d%e0%a6%a6%e0%a7%8d%e0%a6%b0-%e0%a6%97%e0%a6%be%e0%a6%a8%e0%a7%87-%e0%a6%aa%e0%a7%8d%e0%a6%b0%e0%a6%a4%e0%a6%bf%e0%a6%ae%e0%a6%be-%e0%a6%9a%e0%a6%a8/
https://pratimachandrafoundation.org/New/wp-content/uploads/2023/07/ARS-2018-Event-3-2-300x200.jpg,,https://pratimachandrafoundation.org/event/%e0%a6%b0%e0%a6%ac%e0%a7%80%e0%a6%a8%e0%a7%8d%e0%a6%a6%e0%a7%8d%e0%a6%b0-%e0%a6%97%e0%a6%be%e0%a6%a8%e0%a7%87-%e0%a6%aa%e0%a7%8d%e0%a6%b0%e0%a6%a4%e0%a6%bf%e0%a6%ae%e0%a6%be-%e0%a6%9a%e0%a6%a8/
https://pratimachandrafoundation.org/New/wp-content/uploads/2023/07/ARS-2018-Event-4-300x200.jpg,,https://pratimachandrafoundation.org/event/%e0%a6%b0%e0%a6%ac%e0%a7%80%e0%a6%a8%e0%a7%8d%e0%a6%a6%e0%a7%8d%e0%a6%b0-%e0%a6%97%e0%a6%be%e0%a6%a8%e0%a7%87-%e0%a6%aa%e0%a7%8d%e0%a6%b0%e0%a6%a4%e0%a6%bf%e0%a6%ae%e0%a6%be-%e0%a6%9a%e0%a6%a8/
https://pratimachandrafoundation.org/New/wp-content/uploads/2023/07/ARS-2018-Event-5-300x200.jpg,,https://pratimachandrafoundation.org/event/%e0%a6%b0%e0%a6%ac%e0%a7%80%e0%a6%a8%e0%a7%8d%e0%a6%a6%e0%a7%8d%e0%a6%b0-%e0%a6%97%e0%a6%be%e0%a6%a8%e0%a7%87-%e0%a6%aa%e0%a7%8d%e0%a6%b0%e0%a6%a4%e0%a6%bf%e0%a6%ae%e0%a6%be-%e0%a6%9a%e0%a6%a8/
https://pratimachandrafoundation.org/New/wp-content/uploads/2023/07/ARS-2018-Judges-2-300x200.jpg,,https://pratimachandrafoundation.org/event/%e0%a6%b0%e0%a6%ac%e0%a7%80%e0%a6%a8%e0%a7%8d%e0%a6%a6%e0%a7%8d%e0%a6%b0-%e0%a6%97%e0%a6%be%e0%a6%a8%e0%a7%87-%e0%a6%aa%e0%a7%8d%e0%a6%b0%e0%a6%a4%e0%a6%bf%e0%a6%ae%e0%a6%be-%e0%a6%9a%e0%a6%a8/
https://pratimachandrafoundation.org/New/wp-content/uploads/2023/07/ARS-2018-Judges-4-300x200.jpg,,https://pratimachandrafoundation.org/event/%e0%a6%b0%e0%a6%ac%e0%a7%80%e0%a6%a8%e0%a7%8d%e0%a6%a6%e0%a7%8d%e0%a6%b0-%e0%a6%97%e0%a6%be%e0%a6%a8%e0%a7%87-%e0%a6%aa%e0%a7%8d%e0%a6%b0%e0%a6%a4%e0%a6%bf%e0%a6%ae%e0%a6%be-%e0%a6%9a%e0%a6%a8/
https://pratimachandrafoundation.org/New/wp-content/uploads/2023/07/PCMA-2018-1st-Angira-Kotal-1-1-300x200.jpg,,https://pratimachandrafoundation.org/event/%e0%a6%aa%e0%a7%8d%e0%a6%b0%e0%a6%a4%e0%a6%bf%e0%a6%ae%e0%a6%be-%e0%a6%9a%e0%a6%a8%e0%a7%8d%e0%a6%a6%e0%a7%8d%e0%a6%b0-%e0%a6%ae%e0%a7%87%e0%a6%ae%e0%a7%8b%e0%a6%b0%e0%a6%bf%e0%a6%af%e0%a6%bc%e0%a6%be/
https://pratimachandrafoundation.org/New/wp-content/uploads/2023/07/PCMA-2018-1st-Angira-Kotal-3-300x200.jpg,,https://pratimachandrafoundation.org/event/%e0%a6%aa%e0%a7%8d%e0%a6%b0%e0%a6%a4%e0%a6%bf%e0%a6%ae%e0%a6%be-%e0%a6%9a%e0%a6%a8%e0%a7%8d%e0%a6%a6%e0%a7%8d%e0%a6%b0-%e0%a6%ae%e0%a7%87%e0%a6%ae%e0%a7%8b%e0%a6%b0%e0%a6%bf%e0%a6%af%e0%a6%bc%e0%a6%be/
https://pratimachandrafoundation.org/New/wp-content/uploads/2023/07/PCMA-2018-2nd-Rakhi-Chatterjee-1-1-300x200.jpg,,https://pratimachandrafoundation.org/event/%e0%a6%aa%e0%a7%8d%e0%a6%b0%e0%a6%a4%e0%a6%bf%e0%a6%ae%e0%a6%be-%e0%a6%9a%e0%a6%a8%e0%a7%8d%e0%a6%a6%e0%a7%8d%e0%a6%b0-%e0%a6%ae%e0%a7%87%e0%a6%ae%e0%a7%8b%e0%a6%b0%e0%a6%bf%e0%a6%af%e0%a6%bc%e0%a6%be/
https://pratimachandrafoundation.org/New/wp-content/uploads/2023/07/PCMA-2018-2nd-Rakhi-Chatterjee-3-300x200.jpg,,https://pratimachandrafoundation.org/event/%e0%a6%aa%e0%a7%8d%e0%a6%b0%e0%a6%a4%e0%a6%bf%e0%a6%ae%e0%a6%be-%e0%a6%9a%e0%a6%a8%e0%a7%8d%e0%a6%a6%e0%a7%8d%e0%a6%b0-%e0%a6%ae%e0%a7%87%e0%a6%ae%e0%a7%8b%e0%a6%b0%e0%a6%bf%e0%a6%af%e0%a6%bc%e0%a6%be/
https://pratimachandrafoundation.org/New/wp-content/uploads/2023/07/PCMA-2018-3rd-Laxmipriya-Nayak-1-300x200.jpg,,https://pratimachandrafoundation.org/event/%e0%a6%aa%e0%a7%8d%e0%a6%b0%e0%a6%a4%e0%a6%bf%e0%a6%ae%e0%a6%be-%e0%a6%9a%e0%a6%a8%e0%a7%8d%e0%a6%a6%e0%a7%8d%e0%a6%b0-%e0%a6%ae%e0%a7%87%e0%a6%ae%e0%a7%8b%e0%a6%b0%e0%a6%bf%e0%a6%af%e0%a6%bc%e0%a6%be/
https://pratimachandrafoundation.org/New/wp-content/uploads/2023/07/PCMA-2018-3rd-Laxmipriya-Nayak-3-300x200.jpg,,https://pratimachandrafoundation.org/event/%e0%a6%aa%e0%a7%8d%e0%a6%b0%e0%a6%a4%e0%a6%bf%e0%a6%ae%e0%a6%be-%e0%a6%9a%e0%a6%a8%e0%a7%8d%e0%a6%a6%e0%a7%8d%e0%a6%b0-%e0%a6%ae%e0%a7%87%e0%a6%ae%e0%a7%8b%e0%a6%b0%e0%a6%bf%e0%a6%af%e0%a6%bc%e0%a6%be/
https://pratimachandrafoundation.org/New/wp-content/uploads/2023/07/PCMA-2018-Event-2-1-1-300x200.jpg,,https://pratimachandrafoundation.org/event/%e0%a6%aa%e0%a7%8d%e0%a6%b0%e0%a6%a4%e0%a6%bf%e0%a6%ae%e0%a6%be-%e0%a6%9a%e0%a6%a8%e0%a7%8d%e0%a6%a6%e0%a7%8d%e0%a6%b0-%e0%a6%ae%e0%a7%87%e0%a6%ae%e0%a7%8b%e0%a6%b0%e0%a6%bf%e0%a6%af%e0%a6%bc%e0%a6%be/
https://pratimachandrafoundation.org/New/wp-content/uploads/2023/07/PCMA-2018-Event-2-1-300x200.jpg,,https://pratimachandrafoundation.org/event/%e0%a6%aa%e0%a7%8d%e0%a6%b0%e0%a6%a4%e0%a6%bf%e0%a6%ae%e0%a6%be-%e0%a6%9a%e0%a6%a8%e0%a7%8d%e0%a6%a6%e0%a7%8d%e0%a6%b0-%e0%a6%ae%e0%a7%87%e0%a6%ae%e0%a7%8b%e0%a6%b0%e0%a6%bf%e0%a6%af%e0%a6%bc%e0%a6%be/
https://pratimachandrafoundation.org/New/wp-content/uploads/2023/07/PCMA-2018-Judges-1-300x200.jpg,,https://pratimachandrafoundation.org/event/%e0%a6%aa%e0%a7%8d%e0%a6%b0%e0%a6%a4%e0%a6%bf%e0%a6%ae%e0%a6%be-%e0%a6%9a%e0%a6%a8%e0%a7%8d%e0%a6%a6%e0%a7%8d%e0%a6%b0-%e0%a6%ae%e0%a7%87%e0%a6%ae%e0%a7%8b%e0%a6%b0%e0%a6%bf%e0%a6%af%e0%a6%bc%e0%a6%be/
https://pratimachandrafoundation.org/New/wp-content/uploads/2023/07/Saptahik-Bartaman-16-02-19-2-236x300.jpg,,https://pratimachandrafoundation.org/event/%e0%a6%b0%e0%a6%ac%e0%a7%80%e0%a6%a8%e0%a7%8d%e0%a6%a6%e0%a7%8d%e0%a6%b0-%e0%a6%97%e0%a6%be%e0%a6%a8%e0%a7%87-%e0%a6%aa%e0%a7%8d%e0%a6%b0%e0%a6%a4%e0%a6%bf%e0%a6%ae%e0%a6%be-%e0%a6%9a%e0%a6%a8/
https://pratimachandrafoundation.org/New/wp-content/uploads/2023/07/event_desc5-300x164.jpg,,https://pratimachandrafoundation.org/event/%e0%a6%aa%e0%a7%8d%e0%a6%b0%e0%a6%a4%e0%a6%bf%e0%a6%ae%e0%a6%be-%e0%a6%9a%e0%a6%a8%e0%a7%8d%e0%a6%a6%e0%a7%8d%e0%a6%b0-%e0%a6%ae%e0%a7%87%e0%a6%ae%e0%a7%8b%e0%a6%b0%e0%a6%bf%e0%a6%af%e0%a6%bc-3/
https://pratimachandrafoundation.org/New/wp-content/uploads/2023/07/event_desc_image1.jpg,,https://pratimachandrafoundation.org/event/%e0%a6%aa%e0%a7%8d%e0%a6%b0%e0%a6%a4%e0%a6%bf%e0%a6%ae%e0%a6%be-%e0%a6%9a%e0%a6%a8%e0%a7%8d%e0%a6%a6%e0%a7%8d%e0%a6%b0-%e0%a6%ae%e0%a7%87%e0%a6%ae%e0%a7%8b%e0%a6%b0%e0%a6%bf%e0%a6%af%e0%a6%bc-3/
https://pratimachandrafoundation.org/New/wp-content/uploads/2023/07/event_desc_single-300x187.jpg,,https://pratimachandrafoundation.org/event/%e0%a6%aa%e0%a7%8d%e0%a6%b0%e0%a6%a4%e0%a6%bf%e0%a6%ae%e0%a6%be-%e0%a6%9a%e0%a6%a8%e0%a7%8d%e0%a6%a6%e0%a7%8d%e0%a6%b0-%e0%a6%ae%e0%a7%87%e0%a6%ae%e0%a7%8b%e0%a6%b0%e0%a6%bf%e0%a6%af%e0%a6%bc-3/
https://pratimachandrafoundation.org/New/wp-content/uploads/2023/07/image3.jpg,,https://pratimachandrafoundation.org/event/%e0%a6%aa%e0%a7%8d%e0%a6%b0%e0%a6%a4%e0%a6%bf%e0%a6%ae%e0%a6%be-%e0%a6%9a%e0%a6%a8%e0%a7%8d%e0%a6%a6%e0%a7%8d%e0%a6%b0-%e0%a6%ae%e0%a7%87%e0%a6%ae%e0%a7%8b%e0%a6%b0%e0%a6%bf%e0%a6%af%e0%a6%bc-3/
https://pratimachandrafoundation.org/New/wp-content/uploads/2023/07/image_3-300x164.jpg,,https://pratimachandrafoundation.org/event/%e0%a6%aa%e0%a7%8d%e0%a6%b0%e0%a6%a4%e0%a6%bf%e0%a6%ae%e0%a6%be-%e0%a6%9a%e0%a6%a8%e0%a7%8d%e0%a6%a6%e0%a7%8d%e0%a6%b0-%e0%a6%ae%e0%a7%87%e0%a6%ae%e0%a7%8b%e0%a6%b0%e0%a6%bf%e0%a6%af%e0%a6%bc-3/
https://pratimachandrafoundation.org/New/wp-content/uploads/2023/07/image_desc_image2.jpg,,https://pratimachandrafoundation.org/event/%e0%a6%aa%e0%a7%8d%e0%a6%b0%e0%a6%a4%e0%a6%bf%e0%a6%ae%e0%a6%be-%e0%a6%9a%e0%a6%a8%e0%a7%8d%e0%a6%a6%e0%a7%8d%e0%a6%b0-%e0%a6%ae%e0%a7%87%e0%a6%ae%e0%a7%8b%e0%a6%b0%e0%a6%bf%e0%a6%af%e0%a6%bc-3/
https://pratimachandrafoundation.org/wp-content/uploads/2023/07/ARS-2017-Judges-1-1-300x200.jpg,,https://pratimachandrafoundation.org/event/%e0%a6%b0%e0%a6%ac%e0%a7%80%e0%a6%a8%e0%a7%8d%e0%a6%a6%e0%a7%8d%e0%a6%b0-%e0%a6%97%e0%a6%be%e0%a6%a8%e0%a7%87-%e0%a6%aa%e0%a7%8d%e0%a6%b0%e0%a6%a4%e0%a6%bf%e0%a6%ae%e0%a6%be-%e0%a6%9a%e0%a6%a8-2/
https://pratimachandrafoundation.org/wp-content/uploads/2023/07/ARS-2017-Judges-2-300x200.jpg,,https://pratimachandrafoundation.org/event/%e0%a6%b0%e0%a6%ac%e0%a7%80%e0%a6%a8%e0%a7%8d%e0%a6%a6%e0%a7%8d%e0%a6%b0-%e0%a6%97%e0%a6%be%e0%a6%a8%e0%a7%87-%e0%a6%aa%e0%a7%8d%e0%a6%b0%e0%a6%a4%e0%a6%bf%e0%a6%ae%e0%a6%be-%e0%a6%9a%e0%a6%a8-2/
https://pratimachandrafoundation.org/wp-content/uploads/2023/07/ARS-2017-Judges-5-300x200.jpg,,https://pratimachandrafoundation.org/event/%e0%a6%b0%e0%a6%ac%e0%a7%80%e0%a6%a8%e0%a7%8d%e0%a6%a6%e0%a7%8d%e0%a6%b0-%e0%a6%97%e0%a6%be%e0%a6%a8%e0%a7%87-%e0%a6%aa%e0%a7%8d%e0%a6%b0%e0%a6%a4%e0%a6%bf%e0%a6%ae%e0%a6%be-%e0%a6%9a%e0%a6%a8-2/
https://pratimachandrafoundation.org/wp-content/uploads/2023/07/ARS-2018-Judges-6-300x200.jpg,,https://pratimachandrafoundation.org/event/%e0%a6%b0%e0%a6%ac%e0%a7%80%e0%a6%a8%e0%a7%8d%e0%a6%a6%e0%a7%8d%e0%a6%b0-%e0%a6%97%e0%a6%be%e0%a6%a8%e0%a7%87-%e0%a6%aa%e0%a7%8d%e0%a6%b0%e0%a6%a4%e0%a6%bf%e0%a6%ae%e0%a6%be-%e0%a6%9a%e0%a6%a8/
https://pratimachandrafoundation.org/wp-content/uploads/2023/07/ARS-collage-300x229.jpg,,https://pratimachandrafoundation.org/event/%e0%a6%b0%e0%a6%ac%e0%a7%80%e0%a6%a8%e0%a7%8d%e0%a6%a6%e0%a7%8d%e0%a6%b0-%e0%a6%97%e0%a6%be%e0%a6%a8%e0%a7%87-%e0%a6%aa%e0%a7%8d%e0%a6%b0%e0%a6%a4%e0%a6%bf%e0%a6%ae%e0%a6%be-%e0%a6%9a%e0%a6%a8-2/
https://pratimachandrafoundation.org/wp-content/uploads/2023/07/ARS-collage.jpg,,https://pratimachandrafoundation.org/event/%e0%a6%b0%e0%a6%ac%e0%a7%80%e0%a6%a8%e0%a7%8d%e0%a6%a6%e0%a7%8d%e0%a6%b0-%e0%a6%97%e0%a6%be%e0%a6%a8%e0%a7%87-%e0%a6%aa%e0%a7%8d%e0%a6%b0%e0%a6%a4%e0%a6%bf%e0%a6%ae%e0%a6%be-%e0%a6%9a%e0%a6%a8-2/
https://pratimachandrafoundation.org/wp-content/uploads/2023/07/Akhil-Bandhu-Ghosh.jpg,,https://pratimachandrafoundation.org/our-inspiration/
https://pratimachandrafoundation.org/wp-content/uploads/2023/07/Baneekanthha-Nirmal-Chandra-Baral.jpg,,https://pratimachandrafoundation.org/our-inspiration/
https://pratimachandrafoundation.org/wp-content/uploads/2023/07/DSC_4334-300x200.jpg,,https://pratimachandrafoundation.org/event/%e0%a6%b0%e0%a6%ac%e0%a7%80%e0%a6%a8%e0%a7%8d%e0%a6%a6%e0%a7%8d%e0%a6%b0-%e0%a6%97%e0%a6%be%e0%a6%a8%e0%a7%87-%e0%a6%aa%e0%a7%8d%e0%a6%b0%e0%a6%a4%e0%a6%bf%e0%a6%ae%e0%a6%be-%e0%a6%9a%e0%a6%a8-3/
https://pratimachandrafoundation.org/wp-content/uploads/2023/07/DSC_4439-300x200.jpg,,https://pratimachandrafoundation.org/event/%e0%a6%b0%e0%a6%ac%e0%a7%80%e0%a6%a8%e0%a7%8d%e0%a6%a6%e0%a7%8d%e0%a6%b0-%e0%a6%97%e0%a6%be%e0%a6%a8%e0%a7%87-%e0%a6%aa%e0%a7%8d%e0%a6%b0%e0%a6%a4%e0%a6%bf%e0%a6%ae%e0%a6%be-%e0%a6%9a%e0%a6%a8-3/
https://pratimachandrafoundation.org/wp-content/uploads/2023/07/DSC_4501-300x200.jpg,,https://pratimachandrafoundation.org/event/%e0%a6%b0%e0%a6%ac%e0%a7%80%e0%a6%a8%e0%a7%8d%e0%a6%a6%e0%a7%8d%e0%a6%b0-%e0%a6%97%e0%a6%be%e0%a6%a8%e0%a7%87-%e0%a6%aa%e0%a7%8d%e0%a6%b0%e0%a6%a4%e0%a6%bf%e0%a6%ae%e0%a6%be-%e0%a6%9a%e0%a6%a8-3/
https://pratimachandrafoundation.org/wp-content/uploads/2023/07/DSC_4530-300x157.jpg,,https://pratimachandrafoundation.org/event/%e0%a6%b0%e0%a6%ac%e0%a7%80%e0%a6%a8%e0%a7%8d%e0%a6%a6%e0%a7%8d%e0%a6%b0-%e0%a6%97%e0%a6%be%e0%a6%a8%e0%a7%87-%e0%a6%aa%e0%a7%8d%e0%a6%b0%e0%a6%a4%e0%a6%bf%e0%a6%ae%e0%a6%be-%e0%a6%9a%e0%a6%a8-3/
https://pratimachandrafoundation.org/wp-content/uploads/2023/07/DSC_4548-300x200.jpg,,https://pratimachandrafoundation.org/event/%e0%a6%b0%e0%a6%ac%e0%a7%80%e0%a6%a8%e0%a7%8d%e0%a6%a6%e0%a7%8d%e0%a6%b0-%e0%a6%97%e0%a6%be%e0%a6%a8%e0%a7%87-%e0%a6%aa%e0%a7%8d%e0%a6%b0%e0%a6%a4%e0%a6%bf%e0%a6%ae%e0%a6%be-%e0%a6%9a%e0%a6%a8-3/
https://pratimachandrafoundation.org/wp-content/uploads/2023/07/DSC_4556-300x200.jpg,,https://pratimachandrafoundation.org/event/%e0%a6%b0%e0%a6%ac%e0%a7%80%e0%a6%a8%e0%a7%8d%e0%a6%a6%e0%a7%8d%e0%a6%b0-%e0%a6%97%e0%a6%be%e0%a6%a8%e0%a7%87-%e0%a6%aa%e0%a7%8d%e0%a6%b0%e0%a6%a4%e0%a6%bf%e0%a6%ae%e0%a6%be-%e0%a6%9a%e0%a6%a8-3/
https://pratimachandrafoundation.org/wp-content/uploads/2023/07/DSC_4566-300x200.jpg,,https://pratimachandrafoundation.org/event/%e0%a6%b0%e0%a6%ac%e0%a7%80%e0%a6%a8%e0%a7%8d%e0%a6%a6%e0%a7%8d%e0%a6%b0-%e0%a6%97%e0%a6%be%e0%a6%a8%e0%a7%87-%e0%a6%aa%e0%a7%8d%e0%a6%b0%e0%a6%a4%e0%a6%bf%e0%a6%ae%e0%a6%be-%e0%a6%9a%e0%a6%a8-3/
https://pratimachandrafoundation.org/wp-content/uploads/2023/07/Dhiren-Mitra.jpg,,https://pratimachandrafoundation.org/our-inspiration/
https://pratimachandrafoundation.org/wp-content/uploads/2023/07/Header2016-1024x499.jpg,,https://pratimachandrafoundation.org/
https://pratimachandrafoundation.org/wp-content/uploads/2023/07/Header2016-1536x749.jpg,,https://pratimachandrafoundation.org/
https://pratimachandrafoundation.org/wp-content/uploads/2023/07/Header2016-300x146.jpg,,https://pratimachandrafoundation.org/
https://pratimachandrafoundation.org/wp-content/uploads/2023/07/Header2016-768x375.jpg,,https://pratimachandrafoundation.org/
https://pratimachandrafoundation.org/wp-content/uploads/2023/07/Header2016.jpg,,https://pratimachandrafoundation.org/
https://pratimachandrafoundation.org/wp-content/uploads/2023/07/PCMA-2016-1st-Atri-Kotal-300x218.jpg,,https://pratimachandrafoundation.org/event/%e0%a6%aa%e0%a7%8d%e0%a6%b0%e0%a6%a4%e0%a6%bf%e0%a6%ae%e0%a6%be-%e0%a6%9a%e0%a6%a8%e0%a7%8d%e0%a6%a6%e0%a7%8d%e0%a6%b0-%e0%a6%ae%e0%a7%87%e0%a6%ae%e0%a7%8b%e0%a6%b0%e0%a6%bf%e0%a6%af%e0%a6%bc-3/
https://pratimachandrafoundation.org/wp-content/uploads/2023/07/PCMA-2016-2nd-Nilanjana-De-300x231.jpg,,https://pratimachandrafoundation.org/event/%e0%a6%aa%e0%a7%8d%e0%a6%b0%e0%a6%a4%e0%a6%bf%e0%a6%ae%e0%a6%be-%e0%a6%9a%e0%a6%a8%e0%a7%8d%e0%a6%a6%e0%a7%8d%e0%a6%b0-%e0%a6%ae%e0%a7%87%e0%a6%ae%e0%a7%8b%e0%a6%b0%e0%a6%bf%e0%a6%af%e0%a6%bc-3/
https://pratimachandrafoundation.org/wp-content/uploads/2023/07/PCMA-2016-3rd-Sohini-Singha-Majumdar-300x233.jpg,,https://pratimachandrafoundation.org/event/%e0%a6%aa%e0%a7%8d%e0%a6%b0%e0%a6%a4%e0%a6%bf%e0%a6%ae%e0%a6%be-%e0%a6%9a%e0%a6%a8%e0%a7%8d%e0%a6%a6%e0%a7%8d%e0%a6%b0-%e0%a6%ae%e0%a7%87%e0%a6%ae%e0%a7%8b%e0%a6%b0%e0%a6%bf%e0%a6%af%e0%a6%bc-3/
https://pratimachandrafoundation.org/wp-content/uploads/2023/07/PCMA-2016-Event-300x208.jpg,,https://pratimachandrafoundation.org/event/%e0%a6%aa%e0%a7%8d%e0%a6%b0%e0%a6%a4%e0%a6%bf%e0%a6%ae%e0%a6%be-%e0%a6%9a%e0%a6%a8%e0%a7%8d%e0%a6%a6%e0%a7%8d%e0%a6%b0-%e0%a6%ae%e0%a7%87%e0%a6%ae%e0%a7%8b%e0%a6%b0%e0%a6%bf%e0%a6%af%e0%a6%bc-3/
https://pratimachandrafoundation.org/wp-content/uploads/2023/07/PCMA-2017-1st-Tanvi-Goswami-5-300x200.jpg,,https://pratimachandrafoundation.org/event/%e0%a6%aa%e0%a7%8d%e0%a6%b0%e0%a6%a4%e0%a6%bf%e0%a6%ae%e0%a6%be-%e0%a6%9a%e0%a6%a8%e0%a7%8d%e0%a6%a6%e0%a7%8d%e0%a6%b0-%e0%a6%ae%e0%a7%87%e0%a6%ae%e0%a7%8b%e0%a6%b0%e0%a6%bf%e0%a6%af%e0%a6%bc-2/
https://pratimachandrafoundation.org/wp-content/uploads/2023/07/PCMA-2017-2nd-Sanjukta-Das-5-300x200.jpg,,https://pratimachandrafoundation.org/event/%e0%a6%aa%e0%a7%8d%e0%a6%b0%e0%a6%a4%e0%a6%bf%e0%a6%ae%e0%a6%be-%e0%a6%9a%e0%a6%a8%e0%a7%8d%e0%a6%a6%e0%a7%8d%e0%a6%b0-%e0%a6%ae%e0%a7%87%e0%a6%ae%e0%a7%8b%e0%a6%b0%e0%a6%bf%e0%a6%af%e0%a6%bc-2/
https://pratimachandrafoundation.org/wp-content/uploads/2023/07/PCMA-2017-3rd-Soumi-Majumdar-4-300x200.jpg,,https://pratimachandrafoundation.org/event/%e0%a6%aa%e0%a7%8d%e0%a6%b0%e0%a6%a4%e0%a6%bf%e0%a6%ae%e0%a6%be-%e0%a6%9a%e0%a6%a8%e0%a7%8d%e0%a6%a6%e0%a7%8d%e0%a6%b0-%e0%a6%ae%e0%a7%87%e0%a6%ae%e0%a7%8b%e0%a6%b0%e0%a6%bf%e0%a6%af%e0%a6%bc-2/
https://pratimachandrafoundation.org/wp-content/uploads/2023/07/PCMA-2017-Event-1-300x200.jpg,,https://pratimachandrafoundation.org/event/%e0%a6%aa%e0%a7%8d%e0%a6%b0%e0%a6%a4%e0%a6%bf%e0%a6%ae%e0%a6%be-%e0%a6%9a%e0%a6%a8%e0%a7%8d%e0%a6%a6%e0%a7%8d%e0%a6%b0-%e0%a6%ae%e0%a7%87%e0%a6%ae%e0%a7%8b%e0%a6%b0%e0%a6%bf%e0%a6%af%e0%a6%bc-2/
https://pratimachandrafoundation.org/wp-content/uploads/2023/07/PCMA-2017-Judges-1-1-300x200.jpg,,https://pratimachandrafoundation.org/event/%e0%a6%aa%e0%a7%8d%e0%a6%b0%e0%a6%a4%e0%a6%bf%e0%a6%ae%e0%a6%be-%e0%a6%9a%e0%a6%a8%e0%a7%8d%e0%a6%a6%e0%a7%8d%e0%a6%b0-%e0%a6%ae%e0%a7%87%e0%a6%ae%e0%a7%8b%e0%a6%b0%e0%a6%bf%e0%a6%af%e0%a6%bc-2/
https://pratimachandrafoundation.org/wp-content/uploads/2023/07/PCMA-2017-Judges-2-1-300x200.jpg,,https://pratimachandrafoundation.org/event/%e0%a6%aa%e0%a7%8d%e0%a6%b0%e0%a6%a4%e0%a6%bf%e0%a6%ae%e0%a6%be-%e0%a6%9a%e0%a6%a8%e0%a7%8d%e0%a6%a6%e0%a7%8d%e0%a6%b0-%e0%a6%ae%e0%a7%87%e0%a6%ae%e0%a7%8b%e0%a6%b0%e0%a6%bf%e0%a6%af%e0%a6%bc-2/
https://pratimachandrafoundation.org/wp-content/uploads/2023/07/PCMA-2018-Event-1-300x200.jpg,,https://pratimachandrafoundation.org/event/%e0%a6%aa%e0%a7%8d%e0%a6%b0%e0%a6%a4%e0%a6%bf%e0%a6%ae%e0%a6%be-%e0%a6%9a%e0%a6%a8%e0%a7%8d%e0%a6%a6%e0%a7%8d%e0%a6%b0-%e0%a6%ae%e0%a7%87%e0%a6%ae%e0%a7%8b%e0%a6%b0%e0%a6%bf%e0%a6%af%e0%a6%bc%e0%a6%be/
https://pratimachandrafoundation.org/wp-content/uploads/2023/07/PCMA-2018-Judges-1-1-300x200.jpg,,https://pratimachandrafoundation.org/event/%e0%a6%aa%e0%a7%8d%e0%a6%b0%e0%a6%a4%e0%a6%bf%e0%a6%ae%e0%a6%be-%e0%a6%9a%e0%a6%a8%e0%a7%8d%e0%a6%a6%e0%a7%8d%e0%a6%b0-%e0%a6%ae%e0%a7%87%e0%a6%ae%e0%a7%8b%e0%a6%b0%e0%a6%bf%e0%a6%af%e0%a6%bc%e0%a6%be/
https://pratimachandrafoundation.org/wp-content/uploads/2023/07/PCMA-2018-Judges-2-1-300x200.jpg,,https://pratimachandrafoundation.org/event/%e0%a6%aa%e0%a7%8d%e0%a6%b0%e0%a6%a4%e0%a6%bf%e0%a6%ae%e0%a6%be-%e0%a6%9a%e0%a6%a8%e0%a7%8d%e0%a6%a6%e0%a7%8d%e0%a6%b0-%e0%a6%ae%e0%a7%87%e0%a6%ae%e0%a7%8b%e0%a6%b0%e0%a6%bf%e0%a6%af%e0%a6%bc%e0%a6%be/
https://pratimachandrafoundation.org/wp-content/uploads/2023/07/PCMA-Collage-300x229.jpg,,https://pratimachandrafoundation.org/
https://pratimachandrafoundation.org/wp-content/uploads/2023/07/PCMA-Collage.jpg,,https://pratimachandrafoundation.org/
https://pratimachandrafoundation.org/wp-content/uploads/2023/07/Siddheswar-Mukhopadhyay.jpg,,https://pratimachandrafoundation.org/our-inspiration/
https://pratimachandrafoundation.org/wp-content/uploads/2023/07/associates-logo.png,,https://pratimachandrafoundation.org/
https://pratimachandrafoundation.org/wp-content/uploads/2023/07/collage-1024x647.png,,https://pratimachandrafoundation.org/our-inspiration/
https://pratimachandrafoundation.org/wp-content/uploads/2023/07/collage-2-300x181.png,,https://pratimachandrafoundation.org/
https://pratimachandrafoundation.org/wp-content/uploads/2023/07/collage-2.png,,https://pratimachandrafoundation.org/
https://pratimachandrafoundation.org/wp-content/uploads/2023/07/collage-300x189.png,,https://pratimachandrafoundation.org/our-inspiration/
https://pratimachandrafoundation.org/wp-content/uploads/2023/07/collage-768x485.png,,https://pratimachandrafoundation.org/our-inspiration/
https://pratimachandrafoundation.org/wp-content/uploads/2023/07/collage.png,,https://pratimachandrafoundation.org/our-inspiration/
https://pratimachandrafoundation.org/wp-content/uploads/2023/07/event_desc5-300x164.jpg,,https://pratimachandrafoundation.org/event/%e0%a6%aa%e0%a7%8d%e0%a6%b0%e0%a6%a4%e0%a6%bf%e0%a6%ae%e0%a6%be-%e0%a6%9a%e0%a6%a8%e0%a7%8d%e0%a6%a6%e0%a7%8d%e0%a6%b0-%e0%a6%ae%e0%a7%87%e0%a6%ae%e0%a7%8b%e0%a6%b0%e0%a6%bf%e0%a6%af%e0%a6%bc-3/
https://pratimachandrafoundation.org/wp-content/uploads/2023/07/p-2w-300x228.jpg,,https://pratimachandrafoundation.org/event/%e0%a6%b0%e0%a6%ac%e0%a7%80%e0%a6%a8%e0%a7%8d%e0%a6%a6%e0%a7%8d%e0%a6%b0-%e0%a6%97%e0%a6%be%e0%a6%a8%e0%a7%87-%e0%a6%aa%e0%a7%8d%e0%a6%b0%e0%a6%a4%e0%a6%bf%e0%a6%ae%e0%a6%be-%e0%a6%9a%e0%a6%a8/
https://pratimachandrafoundation.org/wp-content/uploads/2023/07/p-2w.jpg,,https://pratimachandrafoundation.org/event/%e0%a6%b0%e0%a6%ac%e0%a7%80%e0%a6%a8%e0%a7%8d%e0%a6%a6%e0%a7%8d%e0%a6%b0-%e0%a6%97%e0%a6%be%e0%a6%a8%e0%a7%87-%e0%a6%aa%e0%a7%8d%e0%a6%b0%e0%a6%a4%e0%a6%bf%e0%a6%ae%e0%a6%be-%e0%a6%9a%e0%a6%a8/
https://pratimachandrafoundation.org/wp-content/uploads/2023/07/post-2-300x228.jpg,,https://pratimachandrafoundation.org/event/%e0%a6%aa%e0%a7%8d%e0%a6%b0%e0%a6%a4%e0%a6%bf%e0%a6%ae%e0%a6%be-%e0%a6%9a%e0%a6%a8%e0%a7%8d%e0%a6%a6%e0%a7%8d%e0%a6%b0-%e0%a6%ae%e0%a7%87%e0%a6%ae%e0%a7%8b%e0%a6%b0%e0%a6%bf%e0%a6%af%e0%a6%bc%e0%a6%be/
https://pratimachandrafoundation.org/wp-content/uploads/2023/07/post-2.jpg,,https://pratimachandrafoundation.org/event/%e0%a6%aa%e0%a7%8d%e0%a6%b0%e0%a6%a4%e0%a6%bf%e0%a6%ae%e0%a6%be-%e0%a6%9a%e0%a6%a8%e0%a7%8d%e0%a6%a6%e0%a7%8d%e0%a6%b0-%e0%a6%ae%e0%a7%87%e0%a6%ae%e0%a7%8b%e0%a6%b0%e0%a6%bf%e0%a6%af%e0%a6%bc%e0%a6%be/
https://pratimachandrafoundation.org/wp-content/uploads/2023/07/pratima-chandra-1229x1536.jpg,,https://pratimachandrafoundation.org/our-inspiration/
https://pratimachandrafoundation.org/wp-content/uploads/2023/07/pratima-chandra-1638x2048.jpg,,https://pratimachandrafoundation.org/our-inspiration/
https://pratimachandrafoundation.org/wp-content/uploads/2023/07/pratima-chandra-240x300.jpg,,https://pratimachandrafoundation.org/our-inspiration/
https://pratimachandrafoundation.org/wp-content/uploads/2023/07/pratima-chandra-768x960.jpg,,https://pratimachandrafoundation.org/our-inspiration/
https://pratimachandrafoundation.org/wp-content/uploads/2023/07/pratima-chandra-819x1024.jpg,,https://pratimachandrafoundation.org/our-inspiration/
https://pratimachandrafoundation.org/wp-content/uploads/2023/07/pratima-chandra-earlier-1024x737.jpg,,https://pratimachandrafoundation.org/our-inspiration/
https://pratimachandrafoundation.org/wp-content/uploads/2023/07/pratima-chandra-earlier-300x216.jpg,,https://pratimachandrafoundation.org/our-inspiration/
https://pratimachandrafoundation.org/wp-content/uploads/2023/07/pratima-chandra-earlier-768x553.jpg,,https://pratimachandrafoundation.org/our-inspiration/
https://pratimachandrafoundation.org/wp-content/uploads/2023/07/pratima-chandra-earlier.jpg,,https://pratimachandrafoundation.org/our-inspiration/
https://pratimachandrafoundation.org/wp-content/uploads/2023/07/pratima-chandra-scaled.jpg,,https://pratimachandrafoundation.org/our-inspiration/
https://pratimachandrafoundation.org/wp-content/uploads/2023/08/ARS-2019-1st-Sumeli-Chakraborty-3-300x200.jpg,,https://pratimachandrafoundation.org/event/%e0%a6%b0%e0%a6%ac%e0%a7%80%e0%a6%a8%e0%a7%8d%e0%a6%a6%e0%a7%8d%e0%a6%b0-%e0%a6%97%e0%a6%be%e0%a6%a8%e0%a7%87-%e0%a6%aa%e0%a7%8d%e0%a6%b0%e0%a6%a4%e0%a6%bf%e0%a6%ae%e0%a6%be-%e0%a6%9a%e0%a6%a8-4/
https://pratimachandrafoundation.org/wp-content/uploads/2023/08/ARS-2019-2nd-Reema-Dasgupta-3-300x200.jpg,,https://pratimachandrafoundation.org/event/%e0%a6%b0%e0%a6%ac%e0%a7%80%e0%a6%a8%e0%a7%8d%e0%a6%a6%e0%a7%8d%e0%a6%b0-%e0%a6%97%e0%a6%be%e0%a6%a8%e0%a7%87-%e0%a6%aa%e0%a7%8d%e0%a6%b0%e0%a6%a4%e0%a6%bf%e0%a6%ae%e0%a6%be-%e0%a6%9a%e0%a6%a8-4/
https://pratimachandrafoundation.org/wp-content/uploads/2023/08/ARS-2019-3rd-Rodosee-Ghosh-3-300x200.jpg,,https://pratimachandrafoundation.org/event/%e0%a6%b0%e0%a6%ac%e0%a7%80%e0%a6%a8%e0%a7%8d%e0%a6%a6%e0%a7%8d%e0%a6%b0-%e0%a6%97%e0%a6%be%e0%a6%a8%e0%a7%87-%e0%a6%aa%e0%a7%8d%e0%a6%b0%e0%a6%a4%e0%a6%bf%e0%a6%ae%e0%a6%be-%e0%a6%9a%e0%a6%a8-4/
https://pratimachandrafoundation.org/wp-content/uploads/2023/08/ARS-2019-Event-2-300x200.jpg,,https://pratimachandrafoundation.org/event/%e0%a6%b0%e0%a6%ac%e0%a7%80%e0%a6%a8%e0%a7%8d%e0%a6%a6%e0%a7%8d%e0%a6%b0-%e0%a6%97%e0%a6%be%e0%a6%a8%e0%a7%87-%e0%a6%aa%e0%a7%8d%e0%a6%b0%e0%a6%a4%e0%a6%bf%e0%a6%ae%e0%a6%be-%e0%a6%9a%e0%a6%a8-4/
https://pratimachandrafoundation.org/wp-content/uploads/2023/08/ARS-2019-Event-3-300x200.jpg,,https://pratimachandrafoundation.org/event/%e0%a6%b0%e0%a6%ac%e0%a7%80%e0%a6%a8%e0%a7%8d%e0%a6%a6%e0%a7%8d%e0%a6%b0-%e0%a6%97%e0%a6%be%e0%a6%a8%e0%a7%87-%e0%a6%aa%e0%a7%8d%e0%a6%b0%e0%a6%a4%e0%a6%bf%e0%a6%ae%e0%a6%be-%e0%a6%9a%e0%a6%a8-4/
https://pratimachandrafoundation.org/wp-content/uploads/2023/08/ARS-2019-Event-9-300x200.jpg,,https://pratimachandrafoundation.org/event/%e0%a6%b0%e0%a6%ac%e0%a7%80%e0%a6%a8%e0%a7%8d%e0%a6%a6%e0%a7%8d%e0%a6%b0-%e0%a6%97%e0%a6%be%e0%a6%a8%e0%a7%87-%e0%a6%aa%e0%a7%8d%e0%a6%b0%e0%a6%a4%e0%a6%bf%e0%a6%ae%e0%a6%be-%e0%a6%9a%e0%a6%a8-4/
https://pratimachandrafoundation.org/wp-content/uploads/2023/08/ARS-2019-Judges-1-300x200.jpg,,https://pratimachandrafoundation.org/event/%e0%a6%b0%e0%a6%ac%e0%a7%80%e0%a6%a8%e0%a7%8d%e0%a6%a6%e0%a7%8d%e0%a6%b0-%e0%a6%97%e0%a6%be%e0%a6%a8%e0%a7%87-%e0%a6%aa%e0%a7%8d%e0%a6%b0%e0%a6%a4%e0%a6%bf%e0%a6%ae%e0%a6%be-%e0%a6%9a%e0%a6%a8-4/
https://pratimachandrafoundation.org/wp-content/uploads/2023/08/ARS-2019-Judges-2-300x200.jpg,,https://pratimachandrafoundation.org/event/%e0%a6%b0%e0%a6%ac%e0%a7%80%e0%a6%a8%e0%a7%8d%e0%a6%a6%e0%a7%8d%e0%a6%b0-%e0%a6%97%e0%a6%be%e0%a6%a8%e0%a7%87-%e0%a6%aa%e0%a7%8d%e0%a6%b0%e0%a6%a4%e0%a6%bf%e0%a6%ae%e0%a6%be-%e0%a6%9a%e0%a6%a8-4/
https://pratimachandrafoundation.org/wp-content/uploads/2023/08/ARS-2019-Judges-3-300x200.jpg,,https://pratimachandrafoundation.org/event/%e0%a6%b0%e0%a6%ac%e0%a7%80%e0%a6%a8%e0%a7%8d%e0%a6%a6%e0%a7%8d%e0%a6%b0-%e0%a6%97%e0%a6%be%e0%a6%a8%e0%a7%87-%e0%a6%aa%e0%a7%8d%e0%a6%b0%e0%a6%a4%e0%a6%bf%e0%a6%ae%e0%a6%be-%e0%a6%9a%e0%a6%a8-4/
https://pratimachandrafoundation.org/wp-content/uploads/2023/08/DSC_1084-300x199.jpg,,https://pratimachandrafoundation.org/event/%e0%a6%b0%e0%a6%ac%e0%a7%80%e0%a6%a8%e0%a7%8d%e0%a6%a6%e0%a7%8d%e0%a6%b0-%e0%a6%97%e0%a6%be%e0%a6%a8%e0%a7%87-%e0%a6%aa%e0%a7%8d%e0%a6%b0%e0%a6%a4%e0%a6%bf%e0%a6%ae%e0%a6%be-%e0%a6%9a%e0%a6%a8-5/
https://pratimachandrafoundation.org/wp-content/uploads/2023/08/DSC_1100-300x199.jpg,,https://pratimachandrafoundation.org/event/%e0%a6%b0%e0%a6%ac%e0%a7%80%e0%a6%a8%e0%a7%8d%e0%a6%a6%e0%a7%8d%e0%a6%b0-%e0%a6%97%e0%a6%be%e0%a6%a8%e0%a7%87-%e0%a6%aa%e0%a7%8d%e0%a6%b0%e0%a6%a4%e0%a6%bf%e0%a6%ae%e0%a6%be-%e0%a6%9a%e0%a6%a8-5/
https://pratimachandrafoundation.org/wp-content/uploads/2023/08/DSC_1111-300x199.jpg,,https://pratimachandrafoundation.org/event/%e0%a6%b0%e0%a6%ac%e0%a7%80%e0%a6%a8%e0%a7%8d%e0%a6%a6%e0%a7%8d%e0%a6%b0-%e0%a6%97%e0%a6%be%e0%a6%a8%e0%a7%87-%e0%a6%aa%e0%a7%8d%e0%a6%b0%e0%a6%a4%e0%a6%bf%e0%a6%ae%e0%a6%be-%e0%a6%9a%e0%a6%a8-5/
https://pratimachandrafoundation.org/wp-content/uploads/2023/08/DSC_1118-300x199.jpg,,https://pratimachandrafoundation.org/event/%e0%a6%b0%e0%a6%ac%e0%a7%80%e0%a6%a8%e0%a7%8d%e0%a6%a6%e0%a7%8d%e0%a6%b0-%e0%a6%97%e0%a6%be%e0%a6%a8%e0%a7%87-%e0%a6%aa%e0%a7%8d%e0%a6%b0%e0%a6%a4%e0%a6%bf%e0%a6%ae%e0%a6%be-%e0%a6%9a%e0%a6%a8-5/
https://pratimachandrafoundation.org/wp-content/uploads/2023/08/DSC_1235-300x199.jpg,,https://pratimachandrafoundation.org/event/%e0%a6%b0%e0%a6%ac%e0%a7%80%e0%a6%a8%e0%a7%8d%e0%a6%a6%e0%a7%8d%e0%a6%b0-%e0%a6%97%e0%a6%be%e0%a6%a8%e0%a7%87-%e0%a6%aa%e0%a7%8d%e0%a6%b0%e0%a6%a4%e0%a6%bf%e0%a6%ae%e0%a6%be-%e0%a6%9a%e0%a6%a8-5/
https://pratimachandrafoundation.org/wp-content/uploads/2023/08/DSC_1236-300x199.jpg,,https://pratimachandrafoundation.org/event/%e0%a6%b0%e0%a6%ac%e0%a7%80%e0%a6%a8%e0%a7%8d%e0%a6%a6%e0%a7%8d%e0%a6%b0-%e0%a6%97%e0%a6%be%e0%a6%a8%e0%a7%87-%e0%a6%aa%e0%a7%8d%e0%a6%b0%e0%a6%a4%e0%a6%bf%e0%a6%ae%e0%a6%be-%e0%a6%9a%e0%a6%a8-5/
https://pratimachandrafoundation.org/wp-content/uploads/2023/08/DSC_1332-300x199.jpg,,https://pratimachandrafoundation.org/event/%e0%a6%b0%e0%a6%ac%e0%a7%80%e0%a6%a8%e0%a7%8d%e0%a6%a6%e0%a7%8d%e0%a6%b0-%e0%a6%97%e0%a6%be%e0%a6%a8%e0%a7%87-%e0%a6%aa%e0%a7%8d%e0%a6%b0%e0%a6%a4%e0%a6%bf%e0%a6%ae%e0%a6%be-%e0%a6%9a%e0%a6%a8-5/
https://pratimachandrafoundation.org/wp-content/uploads/2023/08/DSC_1335-300x199.jpg,,https://pratimachandrafoundation.org/event/%e0%a6%b0%e0%a6%ac%e0%a7%80%e0%a6%a8%e0%a7%8d%e0%a6%a6%e0%a7%8d%e0%a6%b0-%e0%a6%97%e0%a6%be%e0%a6%a8%e0%a7%87-%e0%a6%aa%e0%a7%8d%e0%a6%b0%e0%a6%a4%e0%a6%bf%e0%a6%ae%e0%a6%be-%e0%a6%9a%e0%a6%a8-5/
https://pratimachandrafoundation.org/wp-content/uploads/2023/08/DSC_1345-300x199.jpg,,https://pratimachandrafoundation.org/event/%e0%a6%b0%e0%a6%ac%e0%a7%80%e0%a6%a8%e0%a7%8d%e0%a6%a6%e0%a7%8d%e0%a6%b0-%e0%a6%97%e0%a6%be%e0%a6%a8%e0%a7%87-%e0%a6%aa%e0%a7%8d%e0%a6%b0%e0%a6%a4%e0%a6%bf%e0%a6%ae%e0%a6%be-%e0%a6%9a%e0%a6%a8-5/
https://pratimachandrafoundation.org/wp-content/uploads/2023/08/DSC_4412-300x200.jpg,,https://pratimachandrafoundation.org/event/%e0%a6%b0%e0%a6%ac%e0%a7%80%e0%a6%a8%e0%a7%8d%e0%a6%a6%e0%a7%8d%e0%a6%b0-%e0%a6%97%e0%a6%be%e0%a6%a8%e0%a7%87-%e0%a6%aa%e0%a7%8d%e0%a6%b0%e0%a6%a4%e0%a6%bf%e0%a6%ae%e0%a6%be-%e0%a6%9a%e0%a6%a8-5/
https://pratimachandrafoundation.org/wp-content/uploads/2023/08/DSC_4415-300x200.jpg,,https://pratimachandrafoundation.org/event/%e0%a6%b0%e0%a6%ac%e0%a7%80%e0%a6%a8%e0%a7%8d%e0%a6%a6%e0%a7%8d%e0%a6%b0-%e0%a6%97%e0%a6%be%e0%a6%a8%e0%a7%87-%e0%a6%aa%e0%a7%8d%e0%a6%b0%e0%a6%a4%e0%a6%bf%e0%a6%ae%e0%a6%be-%e0%a6%9a%e0%a6%a8-5/
https://pratimachandrafoundation.org/wp-content/uploads/2023/08/DSC_4444-300x200.jpg,,https://pratimachandrafoundation.org/event/%e0%a6%b0%e0%a6%ac%e0%a7%80%e0%a6%a8%e0%a7%8d%e0%a6%a6%e0%a7%8d%e0%a6%b0-%e0%a6%97%e0%a6%be%e0%a6%a8%e0%a7%87-%e0%a6%aa%e0%a7%8d%e0%a6%b0%e0%a6%a4%e0%a6%bf%e0%a6%ae%e0%a6%be-%e0%a6%9a%e0%a6%a8-5/
https://pratimachandrafoundation.org/wp-content/uploads/2023/08/Header-1024x499.jpg,,https://pratimachandrafoundation.org/
https://pratimachandrafoundation.org/wp-content/uploads/2023/08/Header-1536x749.jpg,,https://pratimachandrafoundation.org/
https://pratimachandrafoundation.org/wp-content/uploads/2023/08/Header-300x146.jpg,,https://pratimachandrafoundation.org/
https://pratimachandrafoundation.org/wp-content/uploads/2023/08/Header-768x375.jpg,,https://pratimachandrafoundation.org/
https://pratimachandrafoundation.org/wp-content/uploads/2023/08/Header.jpg,,https://pratimachandrafoundation.org/
https://pratimachandrafoundation.org/wp-content/uploads/2023/08/Header2022-1024x499.jpg,,https://pratimachandrafoundation.org/
https://pratimachandrafoundation.org/wp-content/uploads/2023/08/Header2022-1536x749.jpg,,https://pratimachandrafoundation.org/
https://pratimachandrafoundation.org/wp-content/uploads/2023/08/Header2022-300x146.jpg,,https://pratimachandrafoundation.org/
https://pratimachandrafoundation.org/wp-content/uploads/2023/08/Header2022-768x375.jpg,,https://pratimachandrafoundation.org/
https://pratimachandrafoundation.org/wp-content/uploads/2023/08/Header2022.jpg,,https://pratimachandrafoundation.org/
https://pratimachandrafoundation.org/wp-content/uploads/2024/08/DSC_0007-300x298.jpg,,https://pratimachandrafoundation.org/event/%e0%a6%b0%e0%a6%ac%e0%a7%80%e0%a6%a8%e0%a7%8d%e0%a6%a6%e0%a7%8d%e0%a6%b0-%e0%a6%97%e0%a6%be%e0%a6%a8%e0%a7%87-%e0%a6%aa%e0%a7%8d%e0%a6%b0%e0%a6%a4%e0%a6%bf%e0%a6%ae%e0%a6%be-%e0%a6%9a%e0%a6%a8-6/
https://pratimachandrafoundation.org/wp-content/uploads/2024/08/DSC_0008-300x196.jpg,,https://pratimachandrafoundation.org/event/%e0%a6%b0%e0%a6%ac%e0%a7%80%e0%a6%a8%e0%a7%8d%e0%a6%a6%e0%a7%8d%e0%a6%b0-%e0%a6%97%e0%a6%be%e0%a6%a8%e0%a7%87-%e0%a6%aa%e0%a7%8d%e0%a6%b0%e0%a6%a4%e0%a6%bf%e0%a6%ae%e0%a6%be-%e0%a6%9a%e0%a6%a8-6/
https://pratimachandrafoundation.org/wp-content/uploads/2024/08/DSC_0009-300x196.jpg,,https://pratimachandrafoundation.org/event/%e0%a6%b0%e0%a6%ac%e0%a7%80%e0%a6%a8%e0%a7%8d%e0%a6%a6%e0%a7%8d%e0%a6%b0-%e0%a6%97%e0%a6%be%e0%a6%a8%e0%a7%87-%e0%a6%aa%e0%a7%8d%e0%a6%b0%e0%a6%a4%e0%a6%bf%e0%a6%ae%e0%a6%be-%e0%a6%9a%e0%a6%a8-6/
https://pratimachandrafoundation.org/wp-content/uploads/2024/08/DSC_0010-300x196.jpg,,https://pratimachandrafoundation.org/event/%e0%a6%b0%e0%a6%ac%e0%a7%80%e0%a6%a8%e0%a7%8d%e0%a6%a6%e0%a7%8d%e0%a6%b0-%e0%a6%97%e0%a6%be%e0%a6%a8%e0%a7%87-%e0%a6%aa%e0%a7%8d%e0%a6%b0%e0%a6%a4%e0%a6%bf%e0%a6%ae%e0%a6%be-%e0%a6%9a%e0%a6%a8-6/
https://pratimachandrafoundation.org/wp-content/uploads/2024/08/DSC_0011-300x196.jpg,,https://pratimachandrafoundation.org/event/%e0%a6%b0%e0%a6%ac%e0%a7%80%e0%a6%a8%e0%a7%8d%e0%a6%a6%e0%a7%8d%e0%a6%b0-%e0%a6%97%e0%a6%be%e0%a6%a8%e0%a7%87-%e0%a6%aa%e0%a7%8d%e0%a6%b0%e0%a6%a4%e0%a6%bf%e0%a6%ae%e0%a6%be-%e0%a6%9a%e0%a6%a8-6/
https://pratimachandrafoundation.org/wp-content/uploads/2024/08/DSC_0012-300x196.jpg,,https://pratimachandrafoundation.org/event/%e0%a6%b0%e0%a6%ac%e0%a7%80%e0%a6%a8%e0%a7%8d%e0%a6%a6%e0%a7%8d%e0%a6%b0-%e0%a6%97%e0%a6%be%e0%a6%a8%e0%a7%87-%e0%a6%aa%e0%a7%8d%e0%a6%b0%e0%a6%a4%e0%a6%bf%e0%a6%ae%e0%a6%be-%e0%a6%9a%e0%a6%a8-6/
https://pratimachandrafoundation.org/wp-content/uploads/2024/08/DSC_0013-300x203.jpg,,https://pratimachandrafoundation.org/event/%e0%a6%b0%e0%a6%ac%e0%a7%80%e0%a6%a8%e0%a7%8d%e0%a6%a6%e0%a7%8d%e0%a6%b0-%e0%a6%97%e0%a6%be%e0%a6%a8%e0%a7%87-%e0%a6%aa%e0%a7%8d%e0%a6%b0%e0%a6%a4%e0%a6%bf%e0%a6%ae%e0%a6%be-%e0%a6%9a%e0%a6%a8-6/
https://pratimachandrafoundation.org/wp-content/uploads/2024/08/DSC_3064-300x199.jpg,,https://pratimachandrafoundation.org/event/%e0%a6%b0%e0%a6%ac%e0%a7%80%e0%a6%a8%e0%a7%8d%e0%a6%a6%e0%a7%8d%e0%a6%b0-%e0%a6%97%e0%a6%be%e0%a6%a8%e0%a7%87-%e0%a6%aa%e0%a7%8d%e0%a6%b0%e0%a6%a4%e0%a6%bf%e0%a6%ae%e0%a6%be-%e0%a6%9a%e0%a6%a8-6/
https://pratimachandrafoundation.org/wp-content/uploads/2024/08/DSC_3120-300x199.jpg,,https://pratimachandrafoundation.org/event/%e0%a6%b0%e0%a6%ac%e0%a7%80%e0%a6%a8%e0%a7%8d%e0%a6%a6%e0%a7%8d%e0%a6%b0-%e0%a6%97%e0%a6%be%e0%a6%a8%e0%a7%87-%e0%a6%aa%e0%a7%8d%e0%a6%b0%e0%a6%a4%e0%a6%bf%e0%a6%ae%e0%a6%be-%e0%a6%9a%e0%a6%a8-6/
https://pratimachandrafoundation.org/wp-content/uploads/2024/08/DSC_3131-300x199.jpg,,https://pratimachandrafoundation.org/event/%e0%a6%b0%e0%a6%ac%e0%a7%80%e0%a6%a8%e0%a7%8d%e0%a6%a6%e0%a7%8d%e0%a6%b0-%e0%a6%97%e0%a6%be%e0%a6%a8%e0%a7%87-%e0%a6%aa%e0%a7%8d%e0%a6%b0%e0%a6%a4%e0%a6%bf%e0%a6%ae%e0%a6%be-%e0%a6%9a%e0%a6%a8-6/
https://pratimachandrafoundation.org/wp-content/uploads/2024/08/DSC_3158-300x199.jpg,,https://pratimachandrafoundation.org/event/%e0%a6%b0%e0%a6%ac%e0%a7%80%e0%a6%a8%e0%a7%8d%e0%a6%a6%e0%a7%8d%e0%a6%b0-%e0%a6%97%e0%a6%be%e0%a6%a8%e0%a7%87-%e0%a6%aa%e0%a7%8d%e0%a6%b0%e0%a6%a4%e0%a6%bf%e0%a6%ae%e0%a6%be-%e0%a6%9a%e0%a6%a8-6/
https://pratimachandrafoundation.org/wp-content/uploads/2024/08/DSC_3160-300x199.jpg,,https://pratimachandrafoundation.org/event/%e0%a6%b0%e0%a6%ac%e0%a7%80%e0%a6%a8%e0%a7%8d%e0%a6%a6%e0%a7%8d%e0%a6%b0-%e0%a6%97%e0%a6%be%e0%a6%a8%e0%a7%87-%e0%a6%aa%e0%a7%8d%e0%a6%b0%e0%a6%a4%e0%a6%bf%e0%a6%ae%e0%a6%be-%e0%a6%9a%e0%a6%a8-6/
https://pratimachandrafoundation.org/wp-content/uploads/2024/08/DSC_9783-300x200.jpg,,https://pratimachandrafoundation.org/event/%e0%a6%b0%e0%a6%ac%e0%a7%80%e0%a6%a8%e0%a7%8d%e0%a6%a6%e0%a7%8d%e0%a6%b0-%e0%a6%97%e0%a6%be%e0%a6%a8%e0%a7%87-%e0%a6%aa%e0%a7%8d%e0%a6%b0%e0%a6%a4%e0%a6%bf%e0%a6%ae%e0%a6%be-%e0%a6%9a%e0%a6%a8-6/
https://pratimachandrafoundation.org/wp-content/uploads/2024/08/featured-image-1-1024x499.jpg,,https://pratimachandrafoundation.org/
https://pratimachandrafoundation.org/wp-content/uploads/2024/08/featured-image-1-300x146.jpg,,https://pratimachandrafoundation.org/
https://pratimachandrafoundation.org/wp-content/uploads/2024/08/featured-image-1-768x375.jpg,,https://pratimachandrafoundation.org/
https://pratimachandrafoundation.org/wp-content/uploads/2024/08/featured-image-1.jpg,,https://pratimachandrafoundation.org/
https://pratimachandrafoundation.org/wp-content/uploads/2025/07/Aruprataner-Sandhane-2025-Application-Form-1-1024x816.jpg,,https://pratimachandrafoundation.org/
https://pratimachandrafoundation.org/wp-content/uploads/2025/07/Aruprataner-Sandhane-2025-Application-Form-1-1536x1224.jpg,,https://pratimachandrafoundation.org/
https://pratimachandrafoundation.org/wp-content/uploads/2025/07/Aruprataner-Sandhane-2025-Application-Form-1-2048x1632.jpg,,https://pratimachandrafoundation.org/
https://pratimachandrafoundation.org/wp-content/uploads/2025/07/Aruprataner-Sandhane-2025-Application-Form-1-300x239.jpg,,https://pratimachandrafoundation.org/
https://pratimachandrafoundation.org/wp-content/uploads/2025/07/Aruprataner-Sandhane-2025-Application-Form-1-768x612.jpg,,https://pratimachandrafoundation.org/
https://pratimachandrafoundation.org/wp-content/uploads/2025/07/Aruprataner-Sandhane-2025-Application-Form-1.jpg,,https://pratimachandrafoundation.org/
